{
    "plddt": 83.63298797607422,
    "gpde": 0.9457787871360779,
    "ptm": 0.6444383859634399,
    "iptm": 0.531343936920166,
    "has_clash": false,
    "disorder": 0.0,
    "ranking_score": 0.5539628267288208,
    "num_recycles": 10,
    "abag_score": 0.41655898094177246
}