{
    "plddt": 83.61961364746094,
    "gpde": 0.8979701995849609,
    "ptm": 0.6689088940620422,
    "iptm": 0.5805979371070862,
    "has_clash": false,
    "disorder": 0.0,
    "ranking_score": 0.5982601046562195,
    "num_recycles": 10,
    "abag_score": 0.37619665265083313
}