{
    "plddt": 82.77535247802734,
    "gpde": 0.8889561891555786,
    "ptm": 0.656873345375061,
    "iptm": 0.5652016997337341,
    "has_clash": false,
    "disorder": 0.0,
    "ranking_score": 0.5835360288619995,
    "num_recycles": 10,
    "abag_score": 0.3490704894065857
}