{
    "plddt": 83.8882064819336,
    "gpde": 0.9031661748886108,
    "ptm": 0.6514014601707458,
    "iptm": 0.5552625060081482,
    "has_clash": false,
    "disorder": 0.0,
    "ranking_score": 0.5744903087615967,
    "num_recycles": 10,
    "abag_score": 0.3804159313440323
}