{
    "plddt": 82.11007690429688,
    "gpde": 0.8780174851417542,
    "ptm": 0.6572632193565369,
    "iptm": 0.5657879710197449,
    "has_clash": false,
    "disorder": 0.0,
    "ranking_score": 0.5840830206871033,
    "num_recycles": 10,
    "abag_score": 0.3499642163515091
}